{
	"credit": "Made with Blockbench",
	"texture_size": [32, 32],
	"textures": {
		"0": "block/model_textures/redstone_torch",
		"particle": "block/model_textures/red"
	},
	"elements": [
		{
			"from": [0, 2, 5.5],
			"to": [1, 7, 9.5],
			"rotation": {"angle": 0, "axis": "y", "origin": [3.5, 5, 8]},
			"faces": {
				"north": {"uv": [1, 5, 2.5, 6.5], "texture": "#0"},
				"east": {"uv": [1, 5, 2.5, 6.5], "texture": "#0"},
				"south": {"uv": [1, 5, 2.5, 6.5], "texture": "#0"},
				"west": {"uv": [1, 5, 2.5, 6.5], "texture": "#0"},
				"up": {"uv": [1, 5, 2.5, 6.5], "rotation": 270, "texture": "#0"},
				"down": {"uv": [1, 5, 2.5, 6.5], "rotation": 90, "texture": "#0"}
			}
		},
		{
			"from": [1, 2.5, 6],
			"to": [6, 3.25, 9],
			"rotation": {"angle": 0, "axis": "y", "origin": [3.5, 5, 8]},
			"faces": {
				"north": {"uv": [1, 5, 2, 6.5], "texture": "#0"},
				"east": {"uv": [1, 5, 2, 6.5], "texture": "#0"},
				"south": {"uv": [1, 5, 2, 6.5], "texture": "#0"},
				"west": {"uv": [1, 5, 2, 6.5], "texture": "#0"},
				"up": {"uv": [1, 5, 2, 6.5], "rotation": 270, "texture": "#0"},
				"down": {"uv": [1, 5, 2, 6.5], "rotation": 90, "texture": "#0"}
			}
		},
		{
			"from": [2.5, 4.25, 5.5],
			"to": [6.5, 12.5, 9.5],
			"rotation": {"angle": 0, "axis": "y", "origin": [4, 5, 7.5]},
			"faces": {
				"north": {"uv": [14, 0, 16, 4], "texture": "#0"},
				"east": {"uv": [14, 0, 16, 4], "texture": "#0"},
				"south": {"uv": [14, 0, 16, 4], "texture": "#0"},
				"west": {"uv": [14, 0, 16, 4], "texture": "#0"},
				"up": {"uv": [11.5, 0, 13.5, 2], "rotation": 270, "texture": "#0"},
				"down": {"uv": [11.5, 0, 13.5, 2], "rotation": 90, "texture": "#0"}
			}
		},
		{
			"from": [1.5, 3.25, 4.5],
			"to": [7.5, 4.25, 10.5],
			"rotation": {"angle": 0, "axis": "y", "origin": [4, 5, 7.5]},
			"faces": {
				"north": {"uv": [0.5, 4.5, 3, 7], "texture": "#0"},
				"east": {"uv": [0.5, 4.5, 3, 7], "texture": "#0"},
				"south": {"uv": [0.5, 4.5, 3, 7], "texture": "#0"},
				"west": {"uv": [0.5, 4.5, 3, 7], "texture": "#0"},
				"up": {"uv": [0.5, 4.5, 3, 7], "rotation": 270, "texture": "#0"},
				"down": {"uv": [0.5, 4.5, 3, 7], "rotation": 90, "texture": "#0"}
			}
		},
		{
			"from": [6.5, 4.25, 6.5],
			"to": [7, 6.75, 8.5],
			"rotation": {"angle": 0, "axis": "y", "origin": [4, 5, 7.5]},
			"faces": {
				"north": {"uv": [0, 0, 1, 1.25], "texture": "#0"},
				"east": {"uv": [0, 0, 1, 1.25], "texture": "#0"},
				"south": {"uv": [0, 0, 1, 1.25], "texture": "#0"},
				"west": {"uv": [0, 0, 1, 1.25], "texture": "#0"},
				"up": {"uv": [0, 0, 1, 0.25], "rotation": 270, "texture": "#0"},
				"down": {"uv": [0, 0, 1, 1.25], "rotation": 90, "texture": "#0"}
			}
		},
		{
			"from": [3.5, 4.25, 5],
			"to": [5.5, 6.75, 5.5],
			"rotation": {"angle": 0, "axis": "y", "origin": [4, 5, 7.5]},
			"faces": {
				"north": {"uv": [0, 0, 1, 1.25], "texture": "#0"},
				"east": {"uv": [0, 0, 1, 1.25], "texture": "#0"},
				"south": {"uv": [0, 0, 1, 1.25], "texture": "#0"},
				"west": {"uv": [0, 0, 1, 1.25], "texture": "#0"},
				"up": {"uv": [0, 0, 1, 0.25], "rotation": 180, "texture": "#0"},
				"down": {"uv": [0, 0, 1, 1.25], "rotation": 180, "texture": "#0"}
			}
		},
		{
			"from": [2, 4.25, 6.5],
			"to": [2.5, 6.75, 8.5],
			"rotation": {"angle": 0, "axis": "y", "origin": [4, 5, 7.5]},
			"faces": {
				"north": {"uv": [0, 0, 1, 1.25], "texture": "#0"},
				"east": {"uv": [0, 0, 1, 1.25], "texture": "#0"},
				"south": {"uv": [0, 0, 1, 1.25], "texture": "#0"},
				"west": {"uv": [0, 0, 1, 1.25], "texture": "#0"},
				"up": {"uv": [0, 0, 1, 0.25], "rotation": 270, "texture": "#0"},
				"down": {"uv": [0, 0, 1, 1.25], "rotation": 90, "texture": "#0"}
			}
		},
		{
			"from": [3.5, 4.25, 9.5],
			"to": [5.5, 6.75, 10],
			"rotation": {"angle": 0, "axis": "y", "origin": [4, 5, 7.5]},
			"faces": {
				"north": {"uv": [0, 0, 1, 1.25], "texture": "#0"},
				"east": {"uv": [0, 0, 1, 1.25], "texture": "#0"},
				"south": {"uv": [0, 0, 1, 1.25], "texture": "#0"},
				"west": {"uv": [0, 0, 1, 1.25], "texture": "#0"},
				"up": {"uv": [0, 0, 1, 0.25], "rotation": 180, "texture": "#0"},
				"down": {"uv": [0, 0, 1, 1.25], "rotation": 180, "texture": "#0"}
			}
		}
	]
}