{
	"parent": "minecraft:item/generated",
	"textures": {
		"layer0": "minecraft:item/written_book"
	},
	"overrides": [
		{
			"predicate": {
				"custom_model_data": 1
			},
			"model": "minecraft:item/written_book/statues_book"
		},
		{
			"predicate": {
				"custom_model_data": 2
			},
			"model": "minecraft:item/written_book/steampunk_book"
		},
		{
			"predicate": {
				"custom_model_data": 8
			},
			"model": "minecraft:item/written_book/steampunk_buy_book"
		},
		{
			"predicate": {
				"custom_model_data": 9
			},
			"model": "minecraft:item/written_book/steampunk_sell_book"
		}
	]
}