{
	"credit": "Made with Blockbench",
	"textures": {
		"0": "block/model_textures/redstone_dust_dot",
		"1": "custom/power_base",
		"2": "block/model_textures/grey",
		"3": "custom/power_number",
		"4": "block/model_textures/redstone_dust",
		"particle": "block/model_textures/redstone_dust_dot"
	},
	"elements": [
		{
			"from": [6, 0, 6],
			"to": [10, 1.25, 10],
			"rotation": {"angle": 0, "axis": "y", "origin": [14, 8, 14]},
			"faces": {
				"north": {"uv": [0, 0, 4, 4], "texture": "#0"},
				"east": {"uv": [0, 0, 4, 4], "texture": "#0"},
				"south": {"uv": [0, 0, 4, 4], "texture": "#0"},
				"west": {"uv": [0, 0, 4, 4], "texture": "#0"},
				"up": {"uv": [0, 0, 16, 16], "texture": "#1"},
				"down": {"uv": [0, 0, 4, 4], "texture": "#0"}
			}
		},
		{
			"from": [6.85, 0.01, 8.25],
			"to": [7.75, 1.26, 9],
			"rotation": {"angle": 0, "axis": "y", "origin": [13.95, 8.1, 15]},
			"faces": {
				"north": {"uv": [0, 0, 4, 4], "texture": "#0"},
				"east": {"uv": [0, 0, 4, 4], "texture": "#0"},
				"south": {"uv": [0, 0, 4, 4], "texture": "#0"},
				"west": {"uv": [0, 0, 4, 4], "texture": "#0"},
				"up": {"uv": [0, 2.71875, 3.28125, 5.46875], "texture": "#3"},
				"down": {"uv": [0, 0, 4, 4], "texture": "#0"}
			}
		},
		{
			"from": [7, 0, 10],
			"to": [9, 0.75, 16],
			"rotation": {"angle": 0, "axis": "y", "origin": [15, 8, 17.25]},
			"faces": {
				"north": {"uv": [0, 0, 0.25, 1], "texture": "#0"},
				"east": {"uv": [0, 0, 0.25, 1], "texture": "#0"},
				"south": {"uv": [0, 0, 0.25, 1], "texture": "#0"},
				"west": {"uv": [0, 0, 0.25, 1], "texture": "#0"},
				"up": {"uv": [0, 0, 0.25, 1], "texture": "#0"},
				"down": {"uv": [0, 0, 0.25, 1], "texture": "#0"}
			}
		},
		{
			"from": [7.75, 0.75, 10],
			"to": [8.25, 0.8, 16],
			"rotation": {"angle": 0, "axis": "y", "origin": [15.75, 8.75, 17.25]},
			"faces": {
				"north": {"uv": [0, 0, 0.5, 6], "texture": "#4"},
				"east": {"uv": [0, 0, 0.5, 6], "texture": "#4"},
				"south": {"uv": [0, 0, 0.5, 6], "texture": "#4"},
				"west": {"uv": [0, 0, 0.5, 6], "texture": "#4"},
				"up": {"uv": [0, 0, 0.5, 6], "texture": "#4"},
				"down": {"uv": [0, 0, 0.5, 6], "texture": "#4"}
			}
		},
		{
			"from": [7.75, 0.75, 0],
			"to": [8.25, 0.8, 6],
			"rotation": {"angle": 0, "axis": "y", "origin": [15.75, 8.75, 7.25]},
			"faces": {
				"north": {"uv": [0, 0, 0.5, 6], "texture": "#4"},
				"east": {"uv": [0, 0, 0.5, 6], "texture": "#4"},
				"south": {"uv": [0, 0, 0.5, 6], "texture": "#4"},
				"west": {"uv": [0, 0, 0.5, 6], "texture": "#4"},
				"up": {"uv": [0, 0, 0.5, 6], "texture": "#4"},
				"down": {"uv": [0, 0, 0.5, 6], "texture": "#4"}
			}
		},
		{
			"from": [10, 0.75, 7.75],
			"to": [16, 0.8, 8.25],
			"rotation": {"angle": 0, "axis": "y", "origin": [18.75, 8.75, 9.5]},
			"faces": {
				"north": {"uv": [0, 0, 0.5, 6], "texture": "#4"},
				"east": {"uv": [0, 0, 0.5, 6], "texture": "#4"},
				"south": {"uv": [0, 0, 0.5, 6], "texture": "#4"},
				"west": {"uv": [0, 0, 0.5, 6], "texture": "#4"},
				"up": {"uv": [0, 0, 0.5, 6], "texture": "#4"},
				"down": {"uv": [0, 0, 0.5, 6], "texture": "#4"}
			}
		},
		{
			"from": [0, 0.75, 7.75],
			"to": [6, 0.8, 8.25],
			"rotation": {"angle": 0, "axis": "y", "origin": [8.75, 8.75, 9.5]},
			"faces": {
				"north": {"uv": [0, 0, 0.5, 6], "texture": "#4"},
				"east": {"uv": [0, 0, 0.5, 6], "texture": "#4"},
				"south": {"uv": [0, 0, 0.5, 6], "texture": "#4"},
				"west": {"uv": [0, 0, 0.5, 6], "texture": "#4"},
				"up": {"uv": [0, 0, 0.5, 6], "texture": "#4"},
				"down": {"uv": [0, 0, 0.5, 6], "texture": "#4"}
			}
		},
		{
			"from": [7, 0, 0],
			"to": [9, 0.75, 6],
			"rotation": {"angle": 0, "axis": "y", "origin": [15, 8, 8.25]},
			"faces": {
				"north": {"uv": [0, 0, 0.25, 1], "texture": "#0"},
				"east": {"uv": [0, 0, 0.25, 1], "texture": "#0"},
				"south": {"uv": [0, 0, 0.25, 1], "texture": "#0"},
				"west": {"uv": [0, 0, 0.25, 1], "texture": "#0"},
				"up": {"uv": [0, 0, 0.25, 1], "texture": "#0"},
				"down": {"uv": [0, 0, 0.25, 1], "texture": "#0"}
			}
		},
		{
			"from": [0, 0, 7],
			"to": [6, 0.75, 9],
			"rotation": {"angle": 0, "axis": "y", "origin": [9, 8, 14.25]},
			"faces": {
				"north": {"uv": [0, 0, 0.25, 1], "texture": "#0"},
				"east": {"uv": [0, 0, 0.25, 1], "texture": "#0"},
				"south": {"uv": [0, 0, 0.25, 1], "texture": "#0"},
				"west": {"uv": [0, 0, 0.25, 1], "texture": "#0"},
				"up": {"uv": [0, 0, 0.25, 1], "texture": "#0"},
				"down": {"uv": [0, 0, 0.25, 1], "texture": "#0"}
			}
		},
		{
			"from": [10, 0, 7],
			"to": [16, 0.75, 9],
			"rotation": {"angle": 0, "axis": "y", "origin": [18, 8, 14.25]},
			"faces": {
				"north": {"uv": [0, 0, 0.25, 1], "texture": "#0"},
				"east": {"uv": [0, 0, 0.25, 1], "texture": "#0"},
				"south": {"uv": [0, 0, 0.25, 1], "texture": "#0"},
				"west": {"uv": [0, 0, 0.25, 1], "texture": "#0"},
				"up": {"uv": [0, 0, 0.25, 1], "texture": "#0"},
				"down": {"uv": [0, 0, 0.25, 1], "texture": "#0"}
			}
		},
		{
			"from": [7.25, 0.25, -0.5],
			"to": [7.75, 0.5, 0],
			"rotation": {"angle": 0, "axis": "y", "origin": [15, 8, 1.25]},
			"faces": {
				"north": {"uv": [0, 0, 0.25, 1], "texture": "#2"},
				"east": {"uv": [0, 0, 0.25, 1], "texture": "#2"},
				"south": {"uv": [0, 0, 0.25, 1], "texture": "#2"},
				"west": {"uv": [0, 0, 0.25, 1], "texture": "#2"},
				"up": {"uv": [0, 0, 0.25, 1], "texture": "#2"},
				"down": {"uv": [0, 0, 0.25, 1], "texture": "#2"}
			}
		},
		{
			"from": [8.25, 0.25, -0.5],
			"to": [8.75, 0.5, 0],
			"rotation": {"angle": 0, "axis": "y", "origin": [16, 8, 1.25]},
			"faces": {
				"north": {"uv": [0, 0, 0.25, 1], "texture": "#2"},
				"east": {"uv": [0, 0, 0.25, 1], "texture": "#2"},
				"south": {"uv": [0, 0, 0.25, 1], "texture": "#2"},
				"west": {"uv": [0, 0, 0.25, 1], "texture": "#2"},
				"up": {"uv": [0, 0, 0.25, 1], "texture": "#2"},
				"down": {"uv": [0, 0, 0.25, 1], "texture": "#2"}
			}
		},
		{
			"from": [-0.5, 0.25, 7.25],
			"to": [0, 0.5, 7.75],
			"rotation": {"angle": 0, "axis": "y", "origin": [6.75, 8, 9.75]},
			"faces": {
				"north": {"uv": [0, 0, 0.25, 1], "texture": "#2"},
				"east": {"uv": [0, 0, 0.25, 1], "texture": "#2"},
				"south": {"uv": [0, 0, 0.25, 1], "texture": "#2"},
				"west": {"uv": [0, 0, 0.25, 1], "texture": "#2"},
				"up": {"uv": [0, 0, 0.25, 1], "texture": "#2"},
				"down": {"uv": [0, 0, 0.25, 1], "texture": "#2"}
			}
		},
		{
			"from": [-0.5, 0.25, 8.25],
			"to": [0, 0.5, 8.75],
			"rotation": {"angle": 0, "axis": "y", "origin": [6.75, 8, 10.75]},
			"faces": {
				"north": {"uv": [0, 0, 0.25, 1], "texture": "#2"},
				"east": {"uv": [0, 0, 0.25, 1], "texture": "#2"},
				"south": {"uv": [0, 0, 0.25, 1], "texture": "#2"},
				"west": {"uv": [0, 0, 0.25, 1], "texture": "#2"},
				"up": {"uv": [0, 0, 0.25, 1], "texture": "#2"},
				"down": {"uv": [0, 0, 0.25, 1], "texture": "#2"}
			}
		},
		{
			"from": [7.25, 0.25, 16],
			"to": [7.75, 0.5, 16.5],
			"rotation": {"angle": 0, "axis": "y", "origin": [15, 8, 18.25]},
			"faces": {
				"north": {"uv": [0, 0, 0.25, 1], "texture": "#2"},
				"east": {"uv": [0, 0, 0.25, 1], "texture": "#2"},
				"south": {"uv": [0, 0, 0.25, 1], "texture": "#2"},
				"west": {"uv": [0, 0, 0.25, 1], "texture": "#2"},
				"up": {"uv": [0, 0, 0.25, 1], "texture": "#2"},
				"down": {"uv": [0, 0, 0.25, 1], "texture": "#2"}
			}
		},
		{
			"from": [8.25, 0.25, 16],
			"to": [8.75, 0.5, 16.5],
			"rotation": {"angle": 0, "axis": "y", "origin": [16, 8, 18.25]},
			"faces": {
				"north": {"uv": [0, 0, 0.25, 1], "texture": "#2"},
				"east": {"uv": [0, 0, 0.25, 1], "texture": "#2"},
				"south": {"uv": [0, 0, 0.25, 1], "texture": "#2"},
				"west": {"uv": [0, 0, 0.25, 1], "texture": "#2"},
				"up": {"uv": [0, 0, 0.25, 1], "texture": "#2"},
				"down": {"uv": [0, 0, 0.25, 1], "texture": "#2"}
			}
		},
		{
			"from": [16, 0.25, 8.25],
			"to": [16.5, 0.5, 8.75],
			"rotation": {"angle": 0, "axis": "y", "origin": [23.75, 8, 10.75]},
			"faces": {
				"north": {"uv": [0, 0, 0.25, 1], "texture": "#2"},
				"east": {"uv": [0, 0, 0.25, 1], "texture": "#2"},
				"south": {"uv": [0, 0, 0.25, 1], "texture": "#2"},
				"west": {"uv": [0, 0, 0.25, 1], "texture": "#2"},
				"up": {"uv": [0, 0, 0.25, 1], "texture": "#2"},
				"down": {"uv": [0, 0, 0.25, 1], "texture": "#2"}
			}
		},
		{
			"from": [16, 0.25, 7.25],
			"to": [16.5, 0.5, 7.75],
			"rotation": {"angle": 0, "axis": "y", "origin": [23.75, 8, 9.75]},
			"faces": {
				"north": {"uv": [0, 0, 0.25, 1], "texture": "#2"},
				"east": {"uv": [0, 0, 0.25, 1], "texture": "#2"},
				"south": {"uv": [0, 0, 0.25, 1], "texture": "#2"},
				"west": {"uv": [0, 0, 0.25, 1], "texture": "#2"},
				"up": {"uv": [0, 0, 0.25, 1], "texture": "#2"},
				"down": {"uv": [0, 0, 0.25, 1], "texture": "#2"}
			}
		}
	],
	"groups": [
		{
			"name": "base",
			"origin": [14, 8, 14],
			"color": 0,
			"children": [0, 1]
		},
		{
			"name": "wire",
			"origin": [8, 8, 13.75],
			"color": 0,
			"children": [2, 3, 4, 5, 6, 7, 8, 9]
		},
		{
			"name": "male",
			"origin": [23.75, 8, 9.75],
			"color": 0,
			"children": [10, 11, 12, 13, 14, 15, 16, 17]
		}
	]
}