{
	"credit": "Made with Blockbench",
	"textures": {
		"0": "block/model_textures/redstone_dust_dot",
		"2": "block/model_textures/redstone_dust",
		"particle": "block/model_textures/redstone_dust_dot"
	},
	"elements": [
		{
			"from": [7, 0, 0],
			"to": [9, 0.75, 5],
			"rotation": {"angle": 0, "axis": "y", "origin": [15, 8, 8.25]},
			"faces": {
				"north": {"uv": [0, 0, 0.25, 1], "texture": "#0"},
				"east": {"uv": [0, 0, 0.25, 1], "texture": "#0"},
				"south": {"uv": [0, 0, 0.25, 1], "texture": "#0"},
				"west": {"uv": [0, 0, 0.25, 1], "texture": "#0"},
				"up": {"uv": [0, 0, 0.25, 1], "texture": "#0"},
				"down": {"uv": [0, 0, 0.25, 1], "texture": "#0"}
			}
		},
		{
			"from": [7.75, 0.75, 0],
			"to": [8.25, 0.8, 5],
			"rotation": {"angle": 0, "axis": "y", "origin": [15.75, 8.75, 8.25]},
			"faces": {
				"north": {"uv": [0, 0, 0.5, 7], "texture": "#2"},
				"east": {"uv": [0, 0, 0.5, 7], "texture": "#2"},
				"south": {"uv": [0, 0, 0.5, 7], "texture": "#2"},
				"west": {"uv": [0, 0, 0.5, 7], "texture": "#2"},
				"up": {"uv": [0, 0, 0.5, 7], "texture": "#2"},
				"down": {"uv": [0, 0, 0.5, 7], "texture": "#2"}
			}
		},
		{
			"from": [11, 0.75, 7.75],
			"to": [16, 0.8, 8.25],
			"rotation": {"angle": 0, "axis": "y", "origin": [19.25, 8.75, 12.25]},
			"faces": {
				"north": {"uv": [0, 0, 0.5, 7], "texture": "#2"},
				"east": {"uv": [0, 0, 0.5, 7], "texture": "#2"},
				"south": {"uv": [0, 0, 0.5, 7], "texture": "#2"},
				"west": {"uv": [0, 0, 0.5, 7], "texture": "#2"},
				"up": {"uv": [0, 0, 0.5, 7], "texture": "#2"},
				"down": {"uv": [0, 0, 0.5, 7], "texture": "#2"}
			}
		},
		{
			"from": [11, 0, 7],
			"to": [16, 0.75, 9],
			"rotation": {"angle": 0, "axis": "y", "origin": [15, 8, 10.25]},
			"faces": {
				"north": {"uv": [0, 0, 0.25, 1], "texture": "#0"},
				"east": {"uv": [0, 0, 0.25, 1], "texture": "#0"},
				"south": {"uv": [0, 0, 0.25, 1], "texture": "#0"},
				"west": {"uv": [0, 0, 0.25, 1], "texture": "#0"},
				"up": {"uv": [0, 0, 0.25, 1], "texture": "#0"},
				"down": {"uv": [0, 0, 0.25, 1], "texture": "#0"}
			}
		},
		{
			"from": [6.75, 0, 6.75],
			"to": [11.25, 1, 9.25],
			"rotation": {"angle": 0, "axis": "y", "origin": [14.75, 8.75, 10.5]},
			"faces": {
				"north": {"uv": [0, 0, 0.25, 1], "texture": "#0"},
				"east": {"uv": [0, 0, 0.25, 1], "texture": "#0"},
				"south": {"uv": [0, 0, 0.25, 1], "texture": "#0"},
				"west": {"uv": [0, 0, 0.25, 1], "texture": "#0"},
				"up": {"uv": [0, 0, 0.25, 1], "texture": "#0"},
				"down": {"uv": [0, 0, 0.25, 1], "texture": "#0"}
			}
		},
		{
			"from": [6.75, 0, 5],
			"to": [9.25, 1, 6.75],
			"rotation": {"angle": 0, "axis": "y", "origin": [14.75, 8.75, 8.5]},
			"faces": {
				"north": {"uv": [0, 0, 0.25, 1], "texture": "#0"},
				"east": {"uv": [0, 0, 0.25, 1], "texture": "#0"},
				"south": {"uv": [0, 0, 0.25, 1], "texture": "#0"},
				"west": {"uv": [0, 0, 0.25, 1], "texture": "#0"},
				"up": {"uv": [0, 0, 0.25, 1], "texture": "#0"},
				"down": {"uv": [0, 0, 0.25, 1], "texture": "#0"}
			}
		}
	],
	"groups": [
		{
			"name": "wire",
			"origin": [8, 8, 13.75],
			"color": 0,
			"children": [0, 1, 2, 3, 4, 5]
		}
	]
}