{
	"credit": "Made with Blockbench",
	"textures": {
		"0": "block/model_textures/redstone_torch_off",
		"particle": "block/model_textures/black_red"
	},
	"elements": [
		{
			"from": [7, 1.75, 10],
			"to": [9, 4.25, 10.75],
			"rotation": {"angle": 0, "axis": "y", "origin": [15, 9.75, 17.5]},
			"faces": {
				"north": {"uv": [0, 0, 1, 1.5], "texture": "#0"},
				"east": {"uv": [0, 0, 1, 1.5], "texture": "#0"},
				"south": {"uv": [0, 0, 1, 1.5], "texture": "#0"},
				"west": {"uv": [0, 0, 1, 1.5], "texture": "#0"},
				"up": {"uv": [2, 0, 3.5, 0.5], "texture": "#0"},
				"down": {"uv": [0, 2, 1, 3], "texture": "#0"}
			}
		},
		{
			"from": [10, 1.75, 7],
			"to": [10.75, 4.25, 9],
			"rotation": {"angle": 0, "axis": "y", "origin": [8, 2.75, 8]},
			"faces": {
				"north": {"uv": [0, 0, 1, 1.5], "texture": "#0"},
				"east": {"uv": [0, 0, 1, 1.5], "texture": "#0"},
				"south": {"uv": [0, 0, 1, 1.5], "texture": "#0"},
				"west": {"uv": [0, 0, 1, 1.5], "texture": "#0"},
				"up": {"uv": [2, 0, 3.5, 0.5], "rotation": 270, "texture": "#0"},
				"down": {"uv": [0, 2, 1, 3], "rotation": 90, "texture": "#0"}
			}
		},
		{
			"from": [7, 1.75, 5.25],
			"to": [9, 4.25, 6],
			"rotation": {"angle": 0, "axis": "y", "origin": [15, 9.75, 12.75]},
			"faces": {
				"north": {"uv": [0, 0, 1, 1.5], "texture": "#0"},
				"east": {"uv": [0, 0, 1, 1.5], "texture": "#0"},
				"south": {"uv": [0, 0, 1, 1.5], "texture": "#0"},
				"west": {"uv": [0, 0, 1, 1.5], "texture": "#0"},
				"up": {"uv": [2, 0, 3.5, 0.5], "texture": "#0"},
				"down": {"uv": [0, 2, 1, 3], "texture": "#0"}
			}
		},
		{
			"from": [6.5, 0, 0],
			"to": [9.5, 1.5, 1],
			"rotation": {"angle": 0, "axis": "y", "origin": [15, 8, 7.75]},
			"faces": {
				"north": {"uv": [0, 4.5, 3, 7], "texture": "#0"},
				"east": {"uv": [0, 4.5, 3, 7], "texture": "#0"},
				"south": {"uv": [0, 4.5, 3, 7], "texture": "#0"},
				"west": {"uv": [0, 4.5, 3, 7], "texture": "#0"},
				"up": {"uv": [0, 4.5, 3, 7], "texture": "#0"},
				"down": {"uv": [0, 4.5, 3, 7], "texture": "#0"}
			}
		},
		{
			"from": [0, 0, 6.5],
			"to": [1, 1.5, 9.5],
			"rotation": {"angle": 0, "axis": "y", "origin": [8, 0.5, 8]},
			"faces": {
				"north": {"uv": [0, 4.5, 3, 7], "texture": "#0"},
				"east": {"uv": [0, 4.5, 3, 7], "texture": "#0"},
				"south": {"uv": [0, 4.5, 3, 7], "texture": "#0"},
				"west": {"uv": [0, 4.5, 3, 7], "texture": "#0"},
				"up": {"uv": [0, 4.5, 3, 7], "rotation": 270, "texture": "#0"},
				"down": {"uv": [0, 4.5, 3, 7], "rotation": 90, "texture": "#0"}
			}
		},
		{
			"from": [6.5, 0, 15],
			"to": [9.5, 1.5, 16],
			"rotation": {"angle": 0, "axis": "y", "origin": [8, 0.5, 14.25]},
			"faces": {
				"north": {"uv": [0, 4.5, 3, 7], "texture": "#0"},
				"east": {"uv": [0, 4.5, 3, 7], "texture": "#0"},
				"south": {"uv": [0, 4.5, 3, 7], "texture": "#0"},
				"west": {"uv": [0, 4.5, 3, 7], "texture": "#0"},
				"up": {"uv": [0, 4.5, 3, 7], "rotation": 180, "texture": "#0"},
				"down": {"uv": [0, 4.5, 3, 7], "rotation": 180, "texture": "#0"}
			}
		},
		{
			"from": [15, 0, 6.5],
			"to": [16, 1.5, 9.5],
			"rotation": {"angle": 0, "axis": "y", "origin": [8, 0.5, 8]},
			"faces": {
				"north": {"uv": [0, 4.5, 3, 7], "texture": "#0"},
				"east": {"uv": [0, 4.5, 3, 7], "texture": "#0"},
				"south": {"uv": [0, 4.5, 3, 7], "texture": "#0"},
				"west": {"uv": [0, 4.5, 3, 7], "texture": "#0"},
				"up": {"uv": [0, 4.5, 3, 7], "rotation": 90, "texture": "#0"},
				"down": {"uv": [0, 4.5, 3, 7], "rotation": 270, "texture": "#0"}
			}
		},
		{
			"from": [5.25, 1.75, 7],
			"to": [6, 4.25, 9],
			"rotation": {"angle": 0, "axis": "y", "origin": [8, 2.75, 8]},
			"faces": {
				"north": {"uv": [0, 0, 1, 1.5], "texture": "#0"},
				"east": {"uv": [0, 0, 1, 1.5], "texture": "#0"},
				"south": {"uv": [0, 0, 1, 1.5], "texture": "#0"},
				"west": {"uv": [0, 0, 1, 1.5], "texture": "#0"},
				"up": {"uv": [2, 0, 3.5, 0.5], "rotation": 270, "texture": "#0"},
				"down": {"uv": [0, 2, 1, 3], "rotation": 90, "texture": "#0"}
			}
		},
		{
			"from": [5, 0, 5],
			"to": [11, 1.75, 11],
			"rotation": {"angle": 0, "axis": "y", "origin": [15, 8, 17]},
			"faces": {
				"north": {"uv": [0.5, 4.5, 2.5, 6.5], "texture": "#0"},
				"east": {"uv": [0.5, 4.5, 2.5, 6.5], "texture": "#0"},
				"south": {"uv": [0.5, 4.5, 2.5, 6.5], "texture": "#0"},
				"west": {"uv": [0.5, 4.5, 2.5, 6.5], "texture": "#0"},
				"up": {"uv": [0.5, 4.5, 2.5, 6.5], "texture": "#0"},
				"down": {"uv": [0.5, 4.5, 2.5, 6.5], "texture": "#0"}
			}
		},
		{
			"from": [7, 0, 1],
			"to": [9, 0.75, 5],
			"rotation": {"angle": 0, "axis": "y", "origin": [15, 8, 11]},
			"faces": {
				"north": {"uv": [0.5, 4.5, 2.5, 6.5], "texture": "#0"},
				"east": {"uv": [0.5, 4.5, 2.5, 6.5], "texture": "#0"},
				"south": {"uv": [0.5, 4.5, 2.5, 6.5], "texture": "#0"},
				"west": {"uv": [0.5, 4.5, 2.5, 6.5], "texture": "#0"},
				"up": {"uv": [0.5, 4.5, 2.5, 6.5], "texture": "#0"},
				"down": {"uv": [0.5, 4.5, 2.5, 6.5], "texture": "#0"}
			}
		},
		{
			"from": [1, 0, 7],
			"to": [5, 0.75, 9],
			"rotation": {"angle": 0, "axis": "y", "origin": [8, 0.5, 8]},
			"faces": {
				"north": {"uv": [0.5, 4.5, 2.5, 6.5], "texture": "#0"},
				"east": {"uv": [0.5, 4.5, 2.5, 6.5], "texture": "#0"},
				"south": {"uv": [0.5, 4.5, 2.5, 6.5], "texture": "#0"},
				"west": {"uv": [0.5, 4.5, 2.5, 6.5], "texture": "#0"},
				"up": {"uv": [0.5, 4.5, 2.5, 6.5], "rotation": 270, "texture": "#0"},
				"down": {"uv": [0.5, 4.5, 2.5, 6.5], "rotation": 90, "texture": "#0"}
			}
		},
		{
			"from": [7, 0, 11],
			"to": [9, 0.75, 15],
			"rotation": {"angle": 0, "axis": "y", "origin": [8, 0.5, 14.25]},
			"faces": {
				"north": {"uv": [0.5, 4.5, 2.5, 6.5], "texture": "#0"},
				"east": {"uv": [0.5, 4.5, 2.5, 6.5], "texture": "#0"},
				"south": {"uv": [0.5, 4.5, 2.5, 6.5], "texture": "#0"},
				"west": {"uv": [0.5, 4.5, 2.5, 6.5], "texture": "#0"},
				"up": {"uv": [0.5, 4.5, 2.5, 6.5], "rotation": 180, "texture": "#0"},
				"down": {"uv": [0.5, 4.5, 2.5, 6.5], "rotation": 180, "texture": "#0"}
			}
		},
		{
			"from": [11, 0, 7],
			"to": [15, 0.75, 9],
			"rotation": {"angle": 0, "axis": "y", "origin": [8, 0.5, 8]},
			"faces": {
				"north": {"uv": [0.5, 4.5, 2.5, 6.5], "texture": "#0"},
				"east": {"uv": [0.5, 4.5, 2.5, 6.5], "texture": "#0"},
				"south": {"uv": [0.5, 4.5, 2.5, 6.5], "texture": "#0"},
				"west": {"uv": [0.5, 4.5, 2.5, 6.5], "texture": "#0"},
				"up": {"uv": [0.5, 4.5, 2.5, 6.5], "rotation": 90, "texture": "#0"},
				"down": {"uv": [0.5, 4.5, 2.5, 6.5], "rotation": 270, "texture": "#0"}
			}
		},
		{
			"from": [6, 1.75, 6],
			"to": [10, 10, 10],
			"rotation": {"angle": 0, "axis": "y", "origin": [8, 6, 8]},
			"faces": {
				"north": {"uv": [14, 0, 16, 4], "texture": "#0"},
				"east": {"uv": [14, 0, 16, 4], "texture": "#0"},
				"south": {"uv": [14, 0, 16, 4], "texture": "#0"},
				"west": {"uv": [14, 0, 16, 4], "texture": "#0"},
				"up": {"uv": [12, 0.5, 13, 1.5], "texture": "#0"},
				"down": {"uv": [11.5, 0, 13.5, 2], "texture": "#0"}
			}
		}
	]
}